code,name,strategy_industry,leader_score,industry_rank,price,float_cap,avg_turnover_60d,revenue,roe,em2016
601919,中远海控,交通运输,78.64,1,17.07,214340000000.0,1391571508.0,51796875575.87,2.51,交通运输-港口航运-航运
601872,招商轮船,交通运输,73.18,2,18.83,152044000000.0,2154053294.6666665,8556013852.97,6.28,交通运输-港口航运-航运
002352,顺丰控股,交通运输,67.73,3,32.92,157987000000.0,736835001.0833334,74142121000.0,2.52,交通运输-物流-物流
601816,京沪高铁,交通运输,64.09,4,4.87,238267999999.99997,858393069.6083333,10559383280.69,1.51,交通运输-公路铁路-铁路运输
600026,中远海能,交通运输,56.82,5,19.04,72885000000.0,1341525087.8833334,7303414755.4,4.5762,交通运输-港口航运-航运
600900,长江电力,公用环保,79.5,1,28.21,690248000000.0,3477577174.4,18111540767.5,3.01,公用事业-电力-水电
600011,华能国际,公用环保,69.0,2,6.69,73575000000.0,1214977970.1666667,106909025871.0,8.13,公用事业-电力-火电
601985,中国核电,公用环保,65.5,3,8.84,166928000000.0,1031965139.3,18924861299.78,1.73,公用事业-电力-新能源发电
600795,国电电力,公用环保,63.5,4,5.14,91675000000.0,766717025.3183333,79029113601.09,4.934,公用事业-电力-火电
600025,华能水电,公用环保,53.0,5,9.79,182398000000.0,317920866.69166666,13147380567.23,5.91,公用事业-电力-水电
603259,药明康德,医药生物,96.0,1,161.0,398198000000.0,8525582929.583333,28897478718.36,13.19,医药生物-化学制药-化学制剂
600276,恒瑞医药,医药生物,86.0,2,46.49,296560000000.0,5013338247.916667,15455583728.11,8.04,医药生物-化学制药-化学制剂
300760,迈瑞医疗,医药生物,70.0,3,162.12,196273000000.0,1534134885.2666667,8352015912.0,5.96,医药生物-医疗器械-医疗器械
688271,联影医疗,医药生物,67.67,4,106.77,87995000000.0,76812677244.61667,7051579098.09,4.12,医药生物-医疗器械-医疗器械
002001,新 和 成,医药生物,67.67,5,26.32,79930000000.0,1111422557.5333333,13129300260.89,11.39,医药生物-保健护理-保健护理产品
002714,牧原股份,可选消费,84.38,1,39.93,130990000000.00002,2303240192.2833333,59410306384.59,-7.48,农林牧渔-畜牧业-养殖
601888,中国中免,可选消费,75.62,2,52.61,102720000000.0,2120431695.9166667,27655202065.43,5.46,商贸零售-零售-百货
300498,温氏股份,可选消费,60.0,3,14.14,84075000000.0,739076922.965,46764965640.08,-11.13,农林牧渔-畜牧业-养殖
002311,海大集团,可选消费,58.75,4,45.0,74432000000.0,474267483.31666666,64239967963.3,6.47,农林牧渔-畜牧业-饲料
600415,小商品城,可选消费,57.5,5,12.17,66735000000.0,952872071.45,10281542979.96,8.28,商贸零售-贸易-贸易
600150,中国船舶,国防军工,94.38,1,33.84,254667000000.0,3382225102.2,43312405150.04,3.3,国防与装备-船舶与海洋装备-船舶制造
600893,航发动力,国防军工,66.25,2,36.28,96691000000.0,1247528499.6166666,20754568567.75,0.36,国防与装备-航空航天装备-航天装备
600482,中国动力,国防军工,58.12,3,31.85,72244000000.0,1075358013.7266667,12859720288.15,1.45,国防与装备-船舶与海洋装备-船舶制造
600118,中国卫星,国防军工,53.75,4,60.24,71233000000.0,3697679394.5433335,1885317136.19,0.54,国防与装备-航空航天装备-航天装备
600760,中航沈飞,国防军工,52.5,5,44.32,125406000000.0,722001251.85,2611674589.37,0.7,国防与装备-航空航天装备-航空装备
600309,万华化学,基础化工,83.33,1,72.87,228117000000.0,2891276899.5333333,119315863794.85,8.96,基础化工-化学原料-聚氨酯
600989,宝丰能源,基础化工,76.67,2,23.24,170427000000.0,1923008916.2833333,30197583541.33,18.61,基础化工-化学原料-其他化学原料
600176,中国巨石,基础化工,70.56,3,39.79,158029000000.0,10796234313.55,11158886608.98,9.06,基础化工-合成纤维及树脂-玻纤
000792,盐湖股份,基础化工,62.22,4,27.45,145252000000.0,2432406761.35,13052166200.79,13.34,基础化工-化肥农药-钾肥
600160,巨化股份,基础化工,61.67,5,37.92,102374000000.0,3269065672.516667,13340133500.18,12.15,基础化工-化学原料-氟化工
000333,美的集团,家用电器,100.0,1,86.69,596848000000.0,2860157356.5033336,131580870000.0,5.56,家电-白色家电-白色家电
000651,格力电器,家用电器,40.0,2,41.62,229826000000.00003,1902020600.6333334,43080395805.39,4.07,家电-白色家电-白色家电
600690,海尔智家,家用电器,10.0,3,21.23,132752000000.0,954428039.8233334,73686720161.13,3.86,家电-白色家电-白色家电
600585,海螺水泥,建筑材料,100.0,1,17.6,70003000000.0,535431567.4166667,17066282756.0,0.76,建材-水泥-水泥
601668,中国建筑,建筑装饰,100.0,1,4.47,184702000000.0,1015001349.2466667,511847191000.0,2.77,建筑-建筑施工-房屋建筑
601390,中国中铁,建筑装饰,41.67,2,4.38,89019000000.0,521937791.07666665,235709710000.0,1.36,建筑-基础建设-铁路城轨建设
601117,中国化学,建筑装饰,30.0,3,7.52,45782000000.0,674784940.925,46104603589.03,2.3,建筑-建筑施工-专业工程
601669,中国电建,建筑装饰,28.33,4,4.65,60783000000.00001,624915093.9833333,145237333379.11,1.31,建筑-基础建设-水利建设
601899,紫金矿业,有色金属,98.89,1,33.68,693868000000.0,9458135033.316668,194178458630.0,19.6,有色金属-贵金属-黄金
603993,洛阳钼业,有色金属,90.83,2,18.42,321629000000.0,5646893913.783334,135319885598.22,18.29,有色金属-基本金属-铜
600111,北方稀土,有色金属,73.06,3,39.85,144060000000.0,4049006880.133333,25798892982.11,8.02,有色金属-稀有金属-稀土
000657,中钨高新,有色金属,72.5,4,63.81,92745000000.0,6890584214.616667,16384925470.67,19.29,有色金属-稀有金属-钨
600549,厦门钨业,有色金属,65.83,5,52.39,81410000000.0,5297201797.883333,35014480428.15,12.15,有色金属-稀有金属-钨
300124,汇川技术,机械设备,67.14,1,61.39,147969000000.0,2403394014.9666667,10143223378.12,2.83,机械设备-机器人-工业机器人
600031,三一重工,机械设备,67.14,2,18.95,160590000000.0,1706904818.2833333,24146971000.0,2.77,机械设备-专用设备-工程机械
002050,三花智控,机械设备,65.0,3,35.95,132693000000.0,4151692774.113333,7773555419.29,2.88,机械设备-通用设备-其他通用机械
000425,徐工机械,机械设备,54.29,4,8.02,71954000000.0,1120902549.0666666,29790570752.92,3.34,机械设备-专用设备-工程机械
601100,恒立液压,机械设备,50.0,5,100.74,135074000000.0,974927562.85,6832528870.28,7.99,机械设备-通用设备-基础件
002594,比亚迪,汽车,86.36,1,91.36,318537000000.0,3763930682.3066664,150225314000.0,1.65,交运设备-汽车-乘用车
000338,潍柴动力,汽车,75.45,2,27.02,133922000000.0,3069106761.2933335,62563208094.63,3.27,交运设备-汽车-汽车零部件
601766,中国中车,汽车,75.45,3,6.13,149129000000.0,1056282408.7,131682442000.0,4.54,交运设备-铁路设备-铁路车辆及动车组
600660,福耀玻璃,汽车,54.09,4,57.67,115511999999.99998,735505131.8833333,21971104612.0,10.34,交运设备-汽车-汽车零部件
600104,上汽集团,汽车,49.09,5,10.31,118516000000.00002,600115706.2333333,140417876491.41,1.01,交运设备-汽车-乘用车
601088,中国神华,煤炭钢铁,78.75,1,47.17,777882000000.0,1779081070.05,70397000000.0,2.4,化石能源-煤炭-煤炭开采洗选
601225,陕西煤业,煤炭钢铁,57.5,2,26.52,257111000000.0,1238931766.845,38953072382.69,4.21,化石能源-煤炭-煤炭开采洗选
601898,中煤能源,煤炭钢铁,55.0,3,15.08,138012000000.0,767313328.2833333,73136057000.0,4.95,化石能源-煤炭-煤炭开采洗选
600188,兖矿能源,煤炭钢铁,38.75,4,21.71,129421000000.0,1357227401.3,34588720000.0,3.84,化石能源-煤炭-煤炭开采洗选
600019,宝钢股份,煤炭钢铁,20.0,5,5.85,125272000000.0,604109249.1333333,160731484167.43,2.21,钢铁-钢铁-普钢
300750,宁德时代,电力设备,94.71,1,376.73,1604900000000.0,12667839264.420002,276916580000.0,12.08,电气设备-电源设备-储能设备
300014,亿纬锂能,电力设备,77.94,2,54.57,115305000000.0,3503244347.733333,45691465298.91,7.24,电气设备-电源设备-储能设备
300274,阳光电源,电力设备,74.12,3,109.59,173977000000.0,8389900931.466666,15560645284.03,4.81,电气设备-电源设备-太阳能
600089,特变电工,电力设备,66.18,4,19.0,96003000000.0,2558873469.9333334,56584684899.1,3.5807,电气设备-输变电设备-其他输变电设备
002028,思源电气,电力设备,59.71,5,169.6,103586999999.99998,2063705399.9166667,10795207710.32,9.01,电气设备-输变电设备-电气自控设备
688256,寒武纪,电子,84.38,1,1010.48,635444000000.0,1741401522981.8,5995573619.61,18.05,电子设备-半导体-集成电路
601138,工业富联,电子,82.38,2,60.15,1193622000000.0,11700635105.183332,557860645000.0,13.36,电子设备-消费电子设备-消费电子设备
688041,海光信息,电子,79.38,3,232.06,539385999999.99994,1004518913255.2167,9099020774.81,7.56,电子设备-半导体-集成电路
688012,中微公司,电子,78.25,4,354.0,333538000000.0,1082608760391.7833,6691287327.67,11.56,电子设备-半导体-集成电路
002475,立讯精密,电子,75.38,5,54.86,401854000000.0,10317447744.3,174504335921.25,8.76,电子设备-消费电子设备-消费电子设备
601857,中国石油,石油石化,71.67,1,11.19,1811908000000.0002,1778239812.75,736383000000.0,3.0,化石能源-石油天然气-石油天然气开采
600028,中国石化,石油石化,66.67,2,5.36,507872999999.99994,1363726152.4166667,1436561000000.0,3.06,化石能源-石油天然气-石油加工
600938,中国海油,石油石化,54.17,3,33.51,100195000000.0,1817392723.4916666,116079000000.0,4.77,化石能源-石油天然气-石油天然气开采
600346,恒力石化,石油石化,52.5,4,18.3,128816000000.00002,813294641.4166666,98257701611.02,10.29,化石能源-石油天然气-石油加工
002493,荣盛石化,石油石化,50.83,5,13.22,123768000000.0,747506320.9166666,129406713606.78,11.13,化石能源-石油天然气-石油加工
002415,海康威视,计算机,86.58,1,34.75,314352000000.0,3201381130.5833335,46822537847.07,9.17,信息技术-计算机硬件-PC、服务器及硬件
300059,东方财富,计算机,82.89,2,18.93,253517000000.0,7125171433.616667,10505339283.68,8.46,互联网-互联网金融-其他互联网金融
688111,金山办公,计算机,80.0,3,234.75,108927000000.0,250517697724.81668,3313262599.2,17.76,信息技术-计算机软件-基础软件
000938,紫光股份,计算机,79.21,4,35.1,100389000000.0,9671695852.058332,27984855967.39,5.21,信息技术-计算机软件-其他软件服务
000977,浪潮信息,计算机,78.95,5,74.11,108707000000.0,7461420365.9,35470325836.04,2.75,信息技术-计算机硬件-PC、服务器及硬件
300308,中际旭创,通信,92.0,1,846.0,939008000000.0,38231017186.833336,41777861795.03,37.62,信息技术-通信设备-通信传输设备
300502,新易盛,通信,82.0,2,400.87,502788000000.0,25604853269.039997,20909746962.2,34.86,信息技术-通信设备-通信传输设备
000063,中兴通讯,通信,64.0,3,33.42,134603000000.0,7629943288.963333,78025359000.0,3.65,信息技术-通信设备-通信传输设备
601728,中国电信,通信,59.5,4,6.45,500712000000.0,904481631.1166667,259010338291.03,4.2,信息技术-通信运营-通信运营
600522,中天科技,通信,49.0,5,33.89,115665000000.00002,12411120881.9,13142208087.22,2.43,信息技术-通信设备-通信传输设备
601288,农业银行,银行,87.27,1,6.85,2186823000000.0,2733892649.4,206255000000.0,2.6475,金融-银行-国有银行
600036,招商银行,银行,86.59,2,39.5,814843000000.0,3466221807.8416667,86940000000.0,3.37,金融-银行-股份制与城商行
601398,工商银行,银行,84.77,3,7.9,2129936000000.0,3107236155.016667,230370000000.0,2.2075,金融-银行-国有银行
601318,中国平安,非银金融,97.17,1,55.01,586410000000.0,4680874890.15,575138000000.0,9.0,金融-非银行金融-保险
600030,中信证券,非银金融,91.52,2,27.15,330593000000.0,4848974660.6,49691932907.1,7.81,金融-非银行金融-证券
601211,国泰海通,非银金融,84.35,3,17.31,232804000000.0,2306825035.233333,47163077753.0,6.12,金融-非银行金融-证券
601628,中国人寿,非银金融,79.35,4,37.6,782965000000.0,1538207640.3666666,93291000000.0,3.27,金融-非银行金融-保险
600999,招商证券,非银金融,73.91,5,17.66,131073000000.0,1884001622.9399998,21901578682.9,8.22,金融-非银行金融-证券
600519,贵州茅台,食品饮料,98.5,1,1304.0,1630106000000.0,5616507538.983334,92278072083.21,16.75,食品饮料-饮料-白酒
000858,五 粮 液,食品饮料,80.5,2,71.52,277606000000.0,2544669512.1200004,22838024164.27,6.5,食品饮料-饮料-白酒
600887,伊利股份,食品饮料,75.5,3,25.9,163013000000.0,1576152129.8166666,34824961423.65,9.44,食品饮料-食品-乳制品
600809,山西汾酒,食品饮料,68.0,4,116.66,142321000000.0,1214406497.8833334,14923228703.48,12.57,食品饮料-饮料-白酒
000568,泸州老窖,食品饮料,51.0,5,84.73,124643000000.0,1102788349.5666666,10472224575.78,8.62,食品饮料-饮料-白酒
